ID,Carga na Rede, Nó Fonte, Nó Destino, Rate, Largura de banda total, Largura de banda para restauração,Banda total, Banda transmitida, Tempo total para transmissão, Tempo transmitido, Tempo restante para transmissão, Classe, Total de slots, Slots necessários para restauração, Caminhos, Degradação%, Delay%, Delay, Weight, Modulation 
6585,90.0,18,16,12500,80000,80000.0,213491.15612912556,80208.93287612808,2.6686394516140695,1.002611660951601,1.6660277906624685,1,4,4,[18;19;20;16];[18;10;17;16],0.0,0.2707922,0.45114730780377965,4,1,
6584,90.0,0,21,12500,60000,34653.71484375,70772.80336423712,60403.76288560765,1.1795467227372853,1.0067293814267941,0.2992187276305905,3,5,3,[0;2;10;17;16;21];[0;1;3;6;7;8;12;15;21],0.42243809,0.33124644,0.09911513700504006,8,0,
6663,90.0,11,21,12500,80000,46204.953125,25501.2216161208,3618.377289469663,0.31876527020151,0.04522971611837079,0.47360386309517205,3,4,2,[11;16;21];[11;12;15;21];[11;10;18;19;20;21];[11;9;8;13;14;23;22;21],0.42243809,0.33124644,0.1568795915566723,8,1,
6624,90.0,22,16,12500,60000,60000.0,142387.5028560468,31909.22832083942,2.37312504760078,0.5318204720139903,1.8413045755867898,1,2,2,[22;21;16];[22;15;16];[22;23;14;15;21;20;16],0.0,0.2707922,0.49861089159409955,4,2,
4954,90.0,22,1,12500,31015,17913.08203125,2.2201401046111366E14,576313.2097469288,7.158278589750561E9,18.581757528516164,1.2393958788211164E10,3,3,2,[22;15;12;8;7;6;3;1];[22;21;16;17;10;2;1];[22;23;14;13;8;9;2;0;1],0.42243809,0.33124644,4.1054546720917945E9,8,0,
6441,90.0,17,22,12500,50000,28878.095703125,200766.5488008982,119479.55943743694,4.015330976017964,2.3895911887487387,2.8148320470406025,3,2,2,[17;16;21;22];[17;19;20;21;15;22];[17;10;9;8;13;14;23;22],0.42243809,0.33124644,0.9324030825137565,8,1,
6571,90.0,16,23,12500,40000,23102.4765625,124460.6567739055,44419.53769031158,3.1115164193476375,1.1104884422577896,3.464612062179033,3,2,1,[16;21;22;23];[16;15;14;23],0.42243809,0.33124644,1.1476403964799238,8,1,
6474,90.0,21,2,12500,70000,40429.3359375,140866.35398198184,138960.3499110052,2.0123764854568833,1.985147855871503,0.04714408772800366,3,6,4,[21;16;17;10;2];[21;15;12;8;9;2];[21;20;19;18;10;9;4;2];[21;22;23;14;13;8;7;6;3;1;2],0.42243809,0.33124644,0.015616311021506395,8,0,
4965,90.0,16,14,12500,60190,34763.453125,4.308567884108973E14,1112461.005932954,7.158278591309143E9,18.48248888408297,1.2393958791081594E10,3,2,1,[16;15;14];[16;21;22;23;14];[16;11;9;8;13;14],0.42243809,0.33124644,4.105454673042614E9,8,2,
